seq,sheet,side,file,printedPage,label,numberFormat,section,verification,note
1,1,L,IMG_2026_09_30_23_21_37L.jpg,4,4,arabic,"",estimated,"目錄第1頁；由 facing-page 配對推得（L=4 / R=5），此頁未印可見頁碼"
2,1,R,IMG_2026_09_30_23_21_37R.jpg,5,5,arabic,"",verified,"目錄第2頁；頁碼「5」直接讀取"
3,2,L,IMG_2026_09_30_23_24_52L.jpg,8,8,arabic,"1-1 探究生命現象",verified,"1-1 正文起始；與目錄「1-1 … 8」交叉確認"
4,2,R,IMG_2026_09_30_23_24_52R.jpg,9,9,arabic,"1-1 探究生命現象",verified,""
5,3,L,IMG_2026_09_30_23_25_05L.jpg,10,10,arabic,"1-2 細胞的構造與功能",estimated,""
6,3,R,IMG_2026_09_30_23_25_05R.jpg,11,11,arabic,"1-2 細胞的構造與功能",verified,""
7,4,L,IMG_2026_09_30_23_25_13L.jpg,12,12,arabic,"1-2 細胞的構造與功能",estimated,""
8,4,R,IMG_2026_09_30_23_25_13R.jpg,13,13,arabic,"1-2 細胞的構造與功能",estimated,""
9,5,L,IMG_2026_09_30_23_25_24L.jpg,14,14,arabic,"1-2 細胞的構造與功能",estimated,""
10,5,R,IMG_2026_09_30_23_25_24R.jpg,15,15,arabic,"1-2 細胞的構造與功能",estimated,""
11,6,L,IMG_2026_09_30_23_25_32L.jpg,16,16,arabic,"1-2 細胞的構造與功能",estimated,""
12,6,R,IMG_2026_09_30_23_25_32R.jpg,17,17,arabic,"1-2 細胞的構造與功能",estimated,""
13,7,L,IMG_2026_09_30_23_25_40L.jpg,18,18,arabic,"1-2 細胞的構造與功能",estimated,""
14,7,R,IMG_2026_09_30_23_25_40R.jpg,19,19,arabic,"1-2 細胞的構造與功能",estimated,""
15,8,L,IMG_2026_09_30_23_25_52L.jpg,20,20,arabic,"1-2 細胞的構造與功能",estimated,""
16,8,R,IMG_2026_09_30_23_25_52R.jpg,21,21,arabic,"1-2 細胞的構造與功能",estimated,""
17,9,L,IMG_2026_09_30_23_26_01L.jpg,22,22,arabic,"1-2 細胞的構造與功能",estimated,""
18,9,R,IMG_2026_09_30_23_26_01R.jpg,23,23,arabic,"1-2 細胞的構造與功能",estimated,""
19,10,L,IMG_2026_09_30_23_26_09L.jpg,24,24,arabic,"1-2 細胞的構造與功能",estimated,""
20,10,R,IMG_2026_09_30_23_26_09R.jpg,25,25,arabic,"1-2 細胞的構造與功能",verified,""
21,11,L,IMG_2026_09_30_23_26_19L.jpg,26,26,arabic,"1-2 細胞的構造與功能",estimated,""
22,11,R,IMG_2026_09_30_23_26_19R.jpg,27,27,arabic,"1-2 細胞的構造與功能",estimated,""
23,12,L,IMG_2026_09_30_23_26_25L.jpg,28,28,arabic,"1-2 細胞的構造與功能",estimated,""
24,12,R,IMG_2026_09_30_23_26_25R.jpg,29,29,arabic,"1-2 細胞的構造與功能",estimated,""
25,13,L,IMG_2026_09_30_23_26_40L.jpg,30,30,arabic,"1-3 細胞分裂",estimated,""
26,13,R,IMG_2026_09_30_23_26_40R.jpg,31,31,arabic,"1-3 細胞分裂",estimated,""
27,14,L,IMG_2026_09_30_23_27_22L.jpg,32,32,arabic,"1-3 細胞分裂",estimated,""
28,14,R,IMG_2026_09_30_23_27_22R.jpg,33,33,arabic,"1-3 細胞分裂",estimated,""
29,15,L,IMG_2026_09_30_23_27_37L.jpg,34,34,arabic,"1-3 細胞分裂",estimated,""
30,15,R,IMG_2026_09_30_23_27_37R.jpg,35,35,arabic,"1-3 細胞分裂",estimated,""
31,16,L,IMG_2026_09_30_23_27_46L.jpg,36,36,arabic,"1-4 探究活動：動物細胞與植物細胞的觀察",estimated,""
32,16,R,IMG_2026_09_30_23_27_46R.jpg,37,37,arabic,"1-歷屆試題",estimated,""
33,17,L,IMG_2026_09_30_23_27_59L.jpg,38,38,arabic,"1-歷屆試題",estimated,""
34,17,R,IMG_2026_09_30_23_27_59R.jpg,39,39,arabic,"1-歷屆試題",estimated,""
35,18,L,IMG_2026_09_30_23_28_10L.jpg,40,40,arabic,"1-歷屆試題",estimated,""
36,18,R,IMG_2026_09_30_23_28_10R.jpg,41,41,arabic,"1-歷屆試題",estimated,""
37,19,L,IMG_2026_09_30_23_31_35L.jpg,42,42,arabic,"1-歷屆試題",estimated,""
38,19,R,IMG_2026_09_30_23_31_35R.jpg,43,43,arabic,"1-歷屆試題",estimated,""
39,20,L,IMG_2026_09_30_23_31_45L.jpg,44,44,arabic,"1-歷屆試題",estimated,""
40,20,R,IMG_2026_09_30_23_31_45R.jpg,45,45,arabic,"1-歷屆試題",verified,""
41,21,L,IMG_2026_09_30_23_31_57L.jpg,46,46,arabic,"1-歷屆試題",estimated,""
42,21,R,IMG_2026_09_30_23_31_57R.jpg,47,47,arabic,"1-歷屆試題",estimated,""
43,22,L,IMG_2026_09_30_23_32_10L.jpg,48,48,arabic,"1-歷屆試題",estimated,""
44,22,R,IMG_2026_09_30_23_32_10R.jpg,49,49,arabic,"1-歷屆試題",estimated,""
45,23,L,IMG_2026_09_30_23_32_25L.jpg,50,50,arabic,"1-歷屆試題",estimated,""
46,23,R,IMG_2026_09_30_23_32_25R.jpg,51,51,arabic,"1-歷屆試題",estimated,""
47,24,L,IMG_2026_09_30_23_32_36L.jpg,52,52,arabic,"1-歷屆試題",estimated,""
48,24,R,IMG_2026_09_30_23_32_36R.jpg,53,53,arabic,"1-歷屆試題",estimated,""
49,25,L,IMG_2026_09_30_23_32_43L.jpg,54,54,arabic,"1-歷屆試題",estimated,""
50,25,R,IMG_2026_09_30_23_32_43R.jpg,55,55,arabic,"1-歷屆試題",estimated,""
51,26,L,IMG_2026_09_30_23_33_30L.jpg,56,56,arabic,"1-歷屆試題",estimated,""
52,26,R,IMG_2026_09_30_23_33_30R.jpg,57,57,arabic,"1-歷屆試題",estimated,""
53,27,L,IMG_2026_09_30_23_34_05L.jpg,58,58,arabic,"1-素養試題",estimated,""
54,27,R,IMG_2026_09_30_23_34_05R.jpg,59,59,arabic,"1-素養試題",estimated,""
55,28,L,IMG_2026_09_30_23_34_15L.jpg,60,60,arabic,"1-素養試題",estimated,""
56,28,R,IMG_2026_09_30_23_34_15R.jpg,61,61,arabic,"1-素養試題",estimated,""
57,29,L,IMG_2026_09_30_23_34_37L.jpg,62,62,arabic,"2-1 演化",estimated,""
58,29,R,IMG_2026_09_30_23_34_37R.jpg,63,63,arabic,"2-1 演化",estimated,""
59,30,L,IMG_2026_09_30_23_34_50L.jpg,64,64,arabic,"2-1 演化",estimated,""
60,30,R,IMG_2026_09_30_23_34_50R.jpg,65,65,arabic,"2-1 演化",verified,""
61,31,L,IMG_2026_09_30_23_35_02L.jpg,66,66,arabic,"2-1 演化",estimated,""
62,31,R,IMG_2026_09_30_23_35_02R.jpg,67,67,arabic,"2-1 演化",estimated,""
63,32,L,IMG_2026_09_30_23_35_17L.jpg,68,68,arabic,"2-1 演化",estimated,""
64,32,R,IMG_2026_09_30_23_35_17R.jpg,69,69,arabic,"2-1 演化",estimated,""
65,33,L,IMG_2026_09_30_23_35_30L.jpg,70,70,arabic,"2-1 演化",estimated,""
66,33,R,IMG_2026_09_30_23_35_30R.jpg,71,71,arabic,"2-2 生物多樣性",estimated,""
67,34,L,IMG_2026_09_30_23_35_49L.jpg,72,72,arabic,"2-2 生物多樣性",estimated,""
68,34,R,IMG_2026_09_30_23_35_49R.jpg,73,73,arabic,"2-3 生物的分類",estimated,""
69,35,L,IMG_2026_09_30_23_36_01L.jpg,74,74,arabic,"2-3 生物的分類",estimated,""
70,35,R,IMG_2026_09_30_23_36_01R.jpg,75,75,arabic,"2-3 生物的分類",estimated,""
71,36,L,IMG_2026_09_30_23_36_14L.jpg,76,76,arabic,"2-3 生物的分類",estimated,""
72,36,R,IMG_2026_09_30_23_36_14R.jpg,77,77,arabic,"2-3 生物的分類",estimated,""
73,37,L,IMG_2026_09_30_23_36_24L.jpg,78,78,arabic,"2-3 生物的分類",estimated,""
74,37,R,IMG_2026_09_30_23_36_24R.jpg,79,79,arabic,"2-3 生物的分類",estimated,""
75,38,L,IMG_2026_09_30_23_36_38L.jpg,80,80,arabic,"2-3 生物的分類",estimated,""
76,38,R,IMG_2026_09_30_23_36_38R.jpg,81,81,arabic,"2-3 生物的分類",estimated,""
77,39,L,IMG_2026_09_30_23_36_50L.jpg,82,82,arabic,"2-3 生物的分類",estimated,""
78,39,R,IMG_2026_09_30_23_36_50R.jpg,83,83,arabic,"2-3 生物的分類",estimated,""
79,40,L,IMG_2026_09_30_23_37_00L.jpg,84,84,arabic,"2-3 生物的分類",estimated,""
80,40,R,IMG_2026_09_30_23_37_00R.jpg,85,85,arabic,"2-3 生物的分類",verified,""
81,41,L,IMG_2026_09_30_23_37_11L.jpg,86,86,arabic,"2-3 生物的分類",estimated,""
82,41,R,IMG_2026_09_30_23_37_11R.jpg,87,87,arabic,"2-3 生物的分類",estimated,""
83,42,L,IMG_2026_09_30_23_37_54L.jpg,88,88,arabic,"2-3 生物的分類",estimated,""
84,42,R,IMG_2026_09_30_23_37_54R.jpg,89,89,arabic,"2-3 生物的分類",estimated,""
85,43,L,IMG_2026_09_30_23_38_06L.jpg,90,90,arabic,"2-3 生物的分類",estimated,""
86,43,R,IMG_2026_09_30_23_38_06R.jpg,91,91,arabic,"2-3 生物的分類",estimated,""
87,44,L,IMG_2026_09_30_23_38_17L.jpg,92,92,arabic,"2-3 生物的分類",estimated,""
88,44,R,IMG_2026_09_30_23_38_17R.jpg,93,93,arabic,"2-3 生物的分類",estimated,""
89,45,L,IMG_2026_09_30_23_38_35L.jpg,94,94,arabic,"2-3 生物的分類",estimated,""
90,45,R,IMG_2026_09_30_23_38_35R.jpg,95,95,arabic,"2-3 生物的分類",estimated,""
91,46,L,IMG_2026_09_30_23_38_46L.jpg,96,96,arabic,"2-3 生物的分類",estimated,""
92,46,R,IMG_2026_09_30_23_38_46R.jpg,97,97,arabic,"2-3 生物的分類",estimated,""
93,47,L,IMG_2026_09_30_23_38_57L.jpg,98,98,arabic,"2-4 探究活動：校園生物多樣性的觀察",estimated,""
94,47,R,IMG_2026_09_30_23_38_57R.jpg,99,99,arabic,"2-歷屆試題",estimated,""
95,48,L,IMG_2026_09_30_23_39_08L.jpg,100,100,arabic,"2-歷屆試題",estimated,""
96,48,R,IMG_2026_09_30_23_39_08R.jpg,101,101,arabic,"2-歷屆試題",estimated,""
97,49,L,IMG_2026_09_30_23_39_21L.jpg,102,102,arabic,"2-歷屆試題",estimated,""
98,49,R,IMG_2026_09_30_23_39_21R.jpg,103,103,arabic,"2-歷屆試題",estimated,""
99,50,L,IMG_2026_09_30_23_39_35L.jpg,104,104,arabic,"2-歷屆試題",estimated,""
100,50,R,IMG_2026_09_30_23_39_35R.jpg,105,105,arabic,"2-歷屆試題",estimated,""
101,51,L,IMG_2026_09_30_23_39_48L.jpg,106,106,arabic,"2-歷屆試題",estimated,""
102,51,R,IMG_2026_09_30_23_39_48R.jpg,107,107,arabic,"2-歷屆試題",estimated,""
103,52,L,IMG_2026_09_30_23_40_00L.jpg,108,108,arabic,"2-歷屆試題",estimated,""
104,52,R,IMG_2026_09_30_23_40_00R.jpg,109,109,arabic,"2-歷屆試題",estimated,""
105,53,L,IMG_2026_09_30_23_40_13L.jpg,110,110,arabic,"2-歷屆試題",estimated,""
106,53,R,IMG_2026_09_30_23_40_13R.jpg,111,111,arabic,"2-歷屆試題",estimated,""
107,54,L,IMG_2026_09_30_23_40_20L.jpg,112,112,arabic,"2-歷屆試題",estimated,""
108,54,R,IMG_2026_09_30_23_40_20R.jpg,113,113,arabic,"2-歷屆試題",estimated,""
109,55,L,IMG_2026_09_30_23_40_31L.jpg,114,114,arabic,"2-歷屆試題",estimated,""
110,55,R,IMG_2026_09_30_23_40_31R.jpg,115,115,arabic,"2-歷屆試題",estimated,""
111,56,L,IMG_2026_09_30_23_40_38L.jpg,116,116,arabic,"2-歷屆試題",estimated,""
112,56,R,IMG_2026_09_30_23_40_38R.jpg,117,117,arabic,"2-歷屆試題",estimated,""
113,57,L,IMG_2026_09_30_23_40_45L.jpg,118,118,arabic,"2-歷屆試題",estimated,""
114,57,R,IMG_2026_09_30_23_40_45R.jpg,119,119,arabic,"2-歷屆試題",estimated,""
115,58,L,IMG_2026_09_30_23_40_50L.jpg,120,120,arabic,"2-素養試題",estimated,""
116,58,R,IMG_2026_09_30_23_40_50R.jpg,121,121,arabic,"2-素養試題",estimated,""
117,59,L,IMG_2026_09_30_23_40_56L.jpg,122,122,arabic,"2-素養試題",estimated,""
118,59,R,IMG_2026_09_30_23_40_56R.jpg,123,123,arabic,"2-素養試題",estimated,""
119,60,L,IMG_2026_09_30_23_41_03L.jpg,124,124,arabic,"3-1 植物的營養器官構造與功能",estimated,""
120,60,R,IMG_2026_09_30_23_41_03R.jpg,125,125,arabic,"3-1 植物的營養器官構造與功能",verified,""
121,61,L,IMG_2026_09_30_23_41_11L.jpg,126,126,arabic,"3-1 植物的營養器官構造與功能",estimated,""
122,61,R,IMG_2026_09_30_23_41_11R.jpg,127,127,arabic,"3-1 植物的營養器官構造與功能",estimated,""
123,62,L,IMG_2026_09_30_23_41_33L.jpg,128,128,arabic,"3-1 植物的營養器官構造與功能",estimated,""
124,62,R,IMG_2026_09_30_23_41_33R.jpg,129,129,arabic,"3-1 植物的營養器官構造與功能",estimated,""
125,63,L,IMG_2026_09_30_23_41_48L.jpg,130,130,arabic,"3-1 植物的營養器官構造與功能",estimated,""
126,63,R,IMG_2026_09_30_23_41_48R.jpg,131,131,arabic,"3-1 植物的營養器官構造與功能",estimated,""
127,64,L,IMG_2026_09_30_23_41_57L.jpg,132,132,arabic,"3-1 植物的營養器官構造與功能",estimated,""
128,64,R,IMG_2026_09_30_23_41_57R.jpg,133,133,arabic,"3-2 植物的生理",estimated,""
129,65,L,IMG_2026_09_30_23_42_21L.jpg,134,134,arabic,"3-2 植物的生理",estimated,""
130,65,R,IMG_2026_09_30_23_42_21R.jpg,135,135,arabic,"3-2 植物的生理",estimated,""
131,66,L,IMG_2026_09_30_23_42_38L.jpg,136,136,arabic,"3-2 植物的生理",estimated,""
132,66,R,IMG_2026_09_30_23_42_38R.jpg,137,137,arabic,"3-2 植物的生理",estimated,""
133,67,L,IMG_2026_09_30_23_42_55L.jpg,138,138,arabic,"3-2 植物的生理",estimated,""
134,67,R,IMG_2026_09_30_23_42_55R.jpg,139,139,arabic,"3-2 植物的生理",estimated,""
135,68,L,IMG_2026_09_30_23_43_07L.jpg,140,140,arabic,"3-2 植物的生理",estimated,""
136,68,R,IMG_2026_09_30_23_43_07R.jpg,141,141,arabic,"3-2 植物的生理",estimated,""
137,69,L,IMG_2026_09_30_23_43_16L.jpg,142,142,arabic,"3-3 植物的生殖",estimated,""
138,69,R,IMG_2026_09_30_23_43_16R.jpg,143,143,arabic,"3-3 植物的生殖",estimated,""
139,70,L,IMG_2026_09_30_23_43_24L.jpg,144,144,arabic,"3-3 植物的生殖",estimated,""
140,70,R,IMG_2026_09_30_23_43_24R.jpg,145,145,arabic,"3-3 植物的生殖",verified,""
141,71,L,IMG_2026_09_30_23_43_31L.jpg,146,146,arabic,"3-3 植物的生殖",estimated,""
142,71,R,IMG_2026_09_30_23_43_31R.jpg,147,147,arabic,"3-3 植物的生殖",estimated,""
143,72,L,IMG_2026_09_30_23_43_48L.jpg,148,148,arabic,"3-3 植物的生殖",estimated,""
144,72,R,IMG_2026_09_30_23_43_48R.jpg,149,149,arabic,"3-歷屆試題",estimated,""
145,73,L,IMG_2026_09_30_23_44_00L.jpg,150,150,arabic,"3-歷屆試題",estimated,""
146,73,R,IMG_2026_09_30_23_44_00R.jpg,151,151,arabic,"3-歷屆試題",estimated,""
147,74,L,IMG_2026_09_30_23_44_08L.jpg,152,152,arabic,"3-歷屆試題",estimated,""
148,74,R,IMG_2026_09_30_23_44_08R.jpg,153,153,arabic,"3-歷屆試題",estimated,""
149,75,L,IMG_2026_09_30_23_44_25L.jpg,154,154,arabic,"3-歷屆試題",estimated,""
150,75,R,IMG_2026_09_30_23_44_25R.jpg,155,155,arabic,"3-歷屆試題",estimated,""
151,76,L,IMG_2026_09_30_23_44_41L.jpg,156,156,arabic,"3-歷屆試題",estimated,""
152,76,R,IMG_2026_09_30_23_44_41R.jpg,157,157,arabic,"3-歷屆試題",estimated,""
153,77,L,IMG_2026_09_30_23_44_47L.jpg,158,158,arabic,"3-歷屆試題",estimated,""
154,77,R,IMG_2026_09_30_23_44_47R.jpg,159,159,arabic,"3-歷屆試題",estimated,""
155,78,L,IMG_2026_09_30_23_44_54L.jpg,160,160,arabic,"3-歷屆試題",estimated,""
156,78,R,IMG_2026_09_30_23_44_54R.jpg,161,161,arabic,"3-歷屆試題",estimated,""
157,79,L,IMG_2026_09_30_23_45_01L.jpg,162,162,arabic,"3-歷屆試題",estimated,""
158,79,R,IMG_2026_09_30_23_45_01R.jpg,163,163,arabic,"3-歷屆試題",estimated,""
159,80,L,IMG_2026_09_30_23_45_10L.jpg,164,164,arabic,"3-歷屆試題",estimated,""
160,80,R,IMG_2026_09_30_23_45_10R.jpg,165,165,arabic,"3-歷屆試題",verified,""
161,81,L,IMG_2026_09_30_23_45_21L.jpg,166,166,arabic,"3-歷屆試題",estimated,""
162,81,R,IMG_2026_09_30_23_45_21R.jpg,167,167,arabic,"3-歷屆試題",estimated,""
163,82,L,IMG_2026_09_30_23_45_29L.jpg,168,168,arabic,"3-歷屆試題",estimated,""
164,82,R,IMG_2026_09_30_23_45_29R.jpg,169,169,arabic,"3-歷屆試題",estimated,""
165,83,L,IMG_2026_09_30_23_45_37L.jpg,170,170,arabic,"3-歷屆試題",estimated,""
166,83,R,IMG_2026_09_30_23_45_37R.jpg,171,171,arabic,"3-歷屆試題",estimated,""
167,84,L,IMG_2026_09_30_23_45_47L.jpg,172,172,arabic,"3-歷屆試題",estimated,""
168,84,R,IMG_2026_09_30_23_45_47R.jpg,173,173,arabic,"3-歷屆試題",estimated,""
169,85,L,IMG_2026_09_30_23_45_56L.jpg,174,174,arabic,"3-歷屆試題",estimated,""
170,85,R,IMG_2026_09_30_23_45_56R.jpg,175,175,arabic,"3-歷屆試題",estimated,""
171,86,L,IMG_2026_09_30_23_46_09L.jpg,176,176,arabic,"3-歷屆試題",estimated,""
172,86,R,IMG_2026_09_30_23_46_09R.jpg,177,177,arabic,"3-歷屆試題",estimated,""
173,87,L,IMG_2026_09_30_23_46_16L.jpg,178,178,arabic,"3-素養試題",estimated,""
174,87,R,IMG_2026_09_30_23_46_16R.jpg,179,179,arabic,"3-素養試題",estimated,""
175,88,L,IMG_2026_09_30_23_46_29L.jpg,180,180,arabic,"3-素養試題",estimated,""
176,88,R,IMG_2026_09_30_23_46_29R.jpg,181,181,arabic,"3-素養試題",estimated,""
177,89,L,IMG_2026_09_30_23_46_37L.jpg,182,182,arabic,"4-1 營養與消化",estimated,""
178,89,R,IMG_2026_09_30_23_46_37R.jpg,183,183,arabic,"4-1 營養與消化",estimated,""
179,90,L,IMG_2026_09_30_23_46_48L.jpg,184,184,arabic,"4-1 營養與消化",estimated,""
180,90,R,IMG_2026_09_30_23_46_48R.jpg,185,185,arabic,"4-1 營養與消化",verified,""
181,91,L,IMG_2026_09_30_23_46_55L.jpg,186,186,arabic,"4-1 營養與消化",estimated,""
182,91,R,IMG_2026_09_30_23_46_55R.jpg,187,187,arabic,"4-1 營養與消化",estimated,""
183,92,L,IMG_2026_09_30_23_47_02L.jpg,188,188,arabic,"4-1 營養與消化",estimated,""
184,92,R,IMG_2026_09_30_23_47_02R.jpg,189,189,arabic,"4-1 營養與消化",estimated,""
185,93,L,IMG_2026_09_30_23_47_08L.jpg,190,190,arabic,"4-1 營養與消化",estimated,""
186,93,R,IMG_2026_09_30_23_47_08R.jpg,191,191,arabic,"4-2 循環",estimated,""
187,94,L,IMG_2026_09_30_23_47_14L.jpg,192,192,arabic,"4-2 循環",estimated,""
188,94,R,IMG_2026_09_30_23_47_14R.jpg,193,193,arabic,"4-2 循環",estimated,""
189,95,L,IMG_2026_09_30_23_47_21L.jpg,194,194,arabic,"4-2 循環",estimated,""
190,95,R,IMG_2026_09_30_23_47_21R.jpg,195,195,arabic,"4-2 循環",estimated,""
191,96,L,IMG_2026_09_30_23_47_28L.jpg,196,196,arabic,"4-2 循環",estimated,""
192,96,R,IMG_2026_09_30_23_47_28R.jpg,197,197,arabic,"4-2 循環",estimated,""
193,97,L,IMG_2026_09_30_23_47_42L.jpg,198,198,arabic,"4-2 循環",estimated,""
194,97,R,IMG_2026_09_30_23_47_42R.jpg,199,199,arabic,"4-2 循環",estimated,""
195,98,L,IMG_2026_09_30_23_47_48L.jpg,200,200,arabic,"4-3 呼吸與排泄",estimated,""
196,98,R,IMG_2026_09_30_23_47_48R.jpg,201,201,arabic,"4-3 呼吸與排泄",estimated,""
197,99,L,IMG_2026_09_30_23_47_55L.jpg,202,202,arabic,"4-3 呼吸與排泄",estimated,""
198,99,R,IMG_2026_09_30_23_47_55R.jpg,203,203,arabic,"4-3 呼吸與排泄",estimated,""
199,100,L,IMG_2026_09_30_23_48_04L.jpg,204,204,arabic,"4-3 呼吸與排泄",estimated,""
200,100,R,IMG_2026_09_30_23_48_04R.jpg,205,205,arabic,"4-3 呼吸與排泄",verified,""
201,101,L,IMG_2026_09_30_23_48_12L.jpg,206,206,arabic,"4-3 呼吸與排泄",estimated,""
202,101,R,IMG_2026_09_30_23_48_12R.jpg,207,207,arabic,"4-3 呼吸與排泄",estimated,""
203,102,L,IMG_2026_09_30_23_48_22L.jpg,208,208,arabic,"4-3 呼吸與排泄",estimated,""
204,102,R,IMG_2026_09_30_23_48_22R.jpg,209,209,arabic,"4-3 呼吸與排泄",estimated,""
205,103,L,IMG_2026_09_30_23_48_30L.jpg,210,210,arabic,"4-4 防禦",estimated,""
206,103,R,IMG_2026_09_30_23_48_30R.jpg,211,211,arabic,"4-4 防禦",estimated,""
207,104,L,IMG_2026_09_30_23_48_41L.jpg,212,212,arabic,"4-4 防禦",estimated,""
208,104,R,IMG_2026_09_30_23_48_41R.jpg,213,213,arabic,"4-4 防禦",estimated,""
209,105,L,IMG_2026_09_30_23_48_48L.jpg,214,214,arabic,"4-4 防禦",estimated,""
210,105,R,IMG_2026_09_30_23_48_48R.jpg,215,215,arabic,"4-4 防禦",estimated,""
211,106,L,IMG_2026_09_30_23_48_56L.jpg,216,216,arabic,"4-4 防禦",estimated,""
212,106,R,IMG_2026_09_30_23_48_56R.jpg,217,217,arabic,"4-4 防禦",estimated,""
213,107,L,IMG_2026_09_30_23_49_08L.jpg,218,218,arabic,"4-4 防禦",estimated,""
214,107,R,IMG_2026_09_30_23_49_08R.jpg,219,219,arabic,"4-4 防禦",estimated,""
215,108,L,IMG_2026_09_30_23_49_16L.jpg,220,220,arabic,"4-5 神經與運動",estimated,""
216,108,R,IMG_2026_09_30_23_49_16R.jpg,221,221,arabic,"4-5 神經與運動",estimated,""
217,109,L,IMG_2026_09_30_23_49_23L.jpg,222,222,arabic,"4-5 神經與運動",estimated,""
218,109,R,IMG_2026_09_30_23_49_23R.jpg,223,223,arabic,"4-5 神經與運動",estimated,""
219,110,L,IMG_2026_09_30_23_49_30L.jpg,224,224,arabic,"4-5 神經與運動",estimated,""
220,110,R,IMG_2026_09_30_23_49_30R.jpg,225,225,arabic,"4-5 神經與運動",estimated,""
221,111,L,IMG_2026_09_30_23_49_41L.jpg,226,226,arabic,"4-5 神經與運動",estimated,""
222,111,R,IMG_2026_09_30_23_49_41R.jpg,227,227,arabic,"4-5 神經與運動",estimated,""
223,112,L,IMG_2026_09_30_23_49_48L.jpg,228,228,arabic,"4-5 神經與運動",estimated,""
224,112,R,IMG_2026_09_30_23_49_48R.jpg,229,229,arabic,"4-5 神經與運動",estimated,""
225,113,L,IMG_2026_09_30_23_49_59L.jpg,230,230,arabic,"4-5 神經與運動",estimated,""
226,113,R,IMG_2026_09_30_23_49_59R.jpg,231,231,arabic,"4-6 激素與協調",estimated,""
227,114,L,IMG_2026_09_30_23_50_06L.jpg,232,232,arabic,"4-6 激素與協調",estimated,""
228,114,R,IMG_2026_09_30_23_50_06R.jpg,233,233,arabic,"4-6 激素與協調",estimated,""
229,115,L,IMG_2026_09_30_23_50_15L.jpg,234,234,arabic,"4-6 激素與協調",estimated,""
230,115,R,IMG_2026_09_30_23_50_15R.jpg,235,235,arabic,"4-6 激素與協調",estimated,""
231,116,L,IMG_2026_09_30_23_50_22L.jpg,236,236,arabic,"4-6 激素與協調",estimated,""
232,116,R,IMG_2026_09_30_23_50_22R.jpg,237,237,arabic,"4-6 激素與協調",estimated,""
233,117,L,IMG_2026_09_30_23_50_31L.jpg,238,238,arabic,"4-7 恆定性",estimated,""
234,117,R,IMG_2026_09_30_23_50_31R.jpg,239,239,arabic,"4-歷屆試題",estimated,""
235,118,L,IMG_2026_09_30_23_50_39L.jpg,240,240,arabic,"4-歷屆試題",estimated,""
236,118,R,IMG_2026_09_30_23_50_39R.jpg,241,241,arabic,"4-歷屆試題",estimated,""
237,119,L,IMG_2026_09_30_23_50_45L.jpg,242,242,arabic,"4-歷屆試題",estimated,""
238,119,R,IMG_2026_09_30_23_50_45R.jpg,243,243,arabic,"4-歷屆試題",estimated,""
239,120,L,IMG_2026_09_30_23_50_52L.jpg,244,244,arabic,"4-歷屆試題",estimated,""
240,120,R,IMG_2026_09_30_23_50_52R.jpg,245,245,arabic,"4-歷屆試題",verified,""
241,121,L,IMG_2026_09_30_23_50_59L.jpg,246,246,arabic,"4-歷屆試題",estimated,""
242,121,R,IMG_2026_09_30_23_50_59R.jpg,247,247,arabic,"4-歷屆試題",estimated,""
243,122,L,IMG_2026_09_30_23_51_05L.jpg,248,248,arabic,"4-歷屆試題",estimated,""
244,122,R,IMG_2026_09_30_23_51_05R.jpg,249,249,arabic,"4-歷屆試題",estimated,""
245,123,L,IMG_2026_09_30_23_51_12L.jpg,250,250,arabic,"4-歷屆試題",estimated,""
246,123,R,IMG_2026_09_30_23_51_12R.jpg,251,251,arabic,"4-歷屆試題",estimated,""
247,124,L,IMG_2026_09_30_23_51_18L.jpg,252,252,arabic,"4-歷屆試題",estimated,""
248,124,R,IMG_2026_09_30_23_51_18R.jpg,253,253,arabic,"4-歷屆試題",estimated,""
249,125,L,IMG_2026_09_30_23_51_25L.jpg,254,254,arabic,"4-歷屆試題",estimated,""
250,125,R,IMG_2026_09_30_23_51_25R.jpg,255,255,arabic,"4-歷屆試題",estimated,""
251,126,L,IMG_2026_09_30_23_51_33L.jpg,256,256,arabic,"4-歷屆試題",estimated,""
252,126,R,IMG_2026_09_30_23_51_33R.jpg,257,257,arabic,"4-歷屆試題",estimated,""
253,127,L,IMG_2026_09_30_23_51_40L.jpg,258,258,arabic,"4-歷屆試題",estimated,""
254,127,R,IMG_2026_09_30_23_51_40R.jpg,259,259,arabic,"4-歷屆試題",estimated,""
255,128,L,IMG_2026_09_30_23_51_47L.jpg,260,260,arabic,"4-歷屆試題",estimated,""
256,128,R,IMG_2026_09_30_23_51_47R.jpg,261,261,arabic,"4-歷屆試題",estimated,""
257,129,L,IMG_2026_09_30_23_51_53L.jpg,262,262,arabic,"4-歷屆試題",estimated,""
258,129,R,IMG_2026_09_30_23_51_53R.jpg,263,263,arabic,"4-歷屆試題",estimated,""
259,130,L,IMG_2026_09_30_23_51_59L.jpg,264,264,arabic,"4-歷屆試題",estimated,""
260,130,R,IMG_2026_09_30_23_51_59R.jpg,265,265,arabic,"4-歷屆試題",verified,""
261,131,L,IMG_2026_09_30_23_52_04L.jpg,266,266,arabic,"4-歷屆試題",estimated,""
262,131,R,IMG_2026_09_30_23_52_04R.jpg,267,267,arabic,"4-歷屆試題",estimated,""
263,132,L,IMG_2026_09_30_23_52_11L.jpg,268,268,arabic,"4-歷屆試題",estimated,""
264,132,R,IMG_2026_09_30_23_52_11R.jpg,269,269,arabic,"4-歷屆試題",estimated,""
265,133,L,IMG_2026_09_30_23_52_16L.jpg,270,270,arabic,"4-歷屆試題",estimated,""
266,133,R,IMG_2026_09_30_23_52_16R.jpg,271,271,arabic,"4-歷屆試題",estimated,""
267,134,L,IMG_2026_09_30_23_52_21L.jpg,272,272,arabic,"4-歷屆試題",estimated,""
268,134,R,IMG_2026_09_30_23_52_21R.jpg,273,273,arabic,"4-歷屆試題",estimated,""
269,135,L,IMG_2026_09_30_23_52_27L.jpg,274,274,arabic,"4-歷屆試題",estimated,""
270,135,R,IMG_2026_09_30_23_52_27R.jpg,275,275,arabic,"4-歷屆試題",estimated,""
271,136,L,IMG_2026_09_30_23_52_32L.jpg,276,276,arabic,"4-歷屆試題",estimated,""
272,136,R,IMG_2026_09_30_23_52_32R.jpg,277,277,arabic,"4-歷屆試題",estimated,""
273,137,L,IMG_2026_09_30_23_52_38L.jpg,278,278,arabic,"4-歷屆試題",estimated,""
274,137,R,IMG_2026_09_30_23_52_38R.jpg,279,279,arabic,"4-歷屆試題",estimated,""
275,138,L,IMG_2026_09_30_23_52_45L.jpg,280,280,arabic,"4-歷屆試題",estimated,""
276,138,R,IMG_2026_09_30_23_52_45R.jpg,281,281,arabic,"4-歷屆試題",estimated,""
277,139,L,IMG_2026_09_30_23_52_53L.jpg,282,282,arabic,"4-歷屆試題",estimated,""
278,139,R,IMG_2026_09_30_23_52_53R.jpg,283,283,arabic,"4-歷屆試題",estimated,""
279,140,L,IMG_2026_09_30_23_53_00L.jpg,284,284,arabic,"4-歷屆試題",estimated,""
280,140,R,IMG_2026_09_30_23_53_00R.jpg,285,285,arabic,"4-歷屆試題",verified,""
281,141,L,IMG_2026_09_30_23_53_05L.jpg,286,286,arabic,"4-素養試題",estimated,""
282,141,R,IMG_2026_09_30_23_53_05R.jpg,287,287,arabic,"4-素養試題",estimated,""
283,142,L,IMG_2026_09_30_23_53_14L.jpg,288,288,arabic,"4-素養試題",estimated,""
284,142,R,IMG_2026_09_30_23_53_14R.jpg,289,289,arabic,"4-素養試題",estimated,""
285,143,L,IMG_2026_09_30_23_53_20L.jpg,290,290,arabic,"4-素養試題",estimated,""
286,143,R,IMG_2026_09_30_23_53_20R.jpg,291,291,arabic,"4-素養試題",estimated,""
287,144,L,IMG_2026_09_30_23_53_27L.jpg,292,292,arabic,"5-1 男女生殖系統",estimated,""
288,144,R,IMG_2026_09_30_23_53_27R.jpg,293,293,arabic,"5-1 男女生殖系統",estimated,""
289,145,L,IMG_2026_09_30_23_53_33L.jpg,294,294,arabic,"5-1 男女生殖系統",estimated,""
290,145,R,IMG_2026_09_30_23_53_33R.jpg,295,295,arabic,"5-2 生殖週期、懷孕與避孕",estimated,""
291,146,L,IMG_2026_09_30_23_53_41L.jpg,296,296,arabic,"5-2 生殖週期、懷孕與避孕",estimated,""
292,146,R,IMG_2026_09_30_23_53_41R.jpg,297,297,arabic,"5-2 生殖週期、懷孕與避孕",estimated,""
293,147,L,IMG_2026_09_30_23_53_48L.jpg,298,298,arabic,"5-2 生殖週期、懷孕與避孕",estimated,""
294,147,R,IMG_2026_09_30_23_53_48R.jpg,299,299,arabic,"5-2 生殖週期、懷孕與避孕",estimated,""
295,148,L,IMG_2026_09_30_23_53_58L.jpg,300,300,arabic,"5-2 生殖週期、懷孕與避孕",estimated,""
296,148,R,IMG_2026_09_30_23_53_58R.jpg,301,301,arabic,"5-2 生殖週期、懷孕與避孕",estimated,""
297,149,L,IMG_2026_09_30_23_54_11L.jpg,302,302,arabic,"5-2 生殖週期、懷孕與避孕",estimated,""
298,149,R,IMG_2026_09_30_23_54_11R.jpg,303,303,arabic,"5-2 生殖週期、懷孕與避孕",estimated,""
299,150,L,IMG_2026_09_30_23_54_18L.jpg,304,304,arabic,"5-歷屆試題",estimated,""
300,150,R,IMG_2026_09_30_23_54_18R.jpg,305,305,arabic,"5-歷屆試題",verified,""
301,151,L,IMG_2026_09_30_23_54_27L.jpg,306,306,arabic,"5-歷屆試題",estimated,""
302,151,R,IMG_2026_09_30_23_54_27R.jpg,307,307,arabic,"5-歷屆試題",estimated,""
303,152,L,IMG_2026_09_30_23_54_39L.jpg,308,308,arabic,"5-歷屆試題",estimated,""
304,152,R,IMG_2026_09_30_23_54_39R.jpg,309,309,arabic,"5-歷屆試題",estimated,""
305,153,L,IMG_2026_09_30_23_54_46L.jpg,310,310,arabic,"5-歷屆試題",estimated,""
306,153,R,IMG_2026_09_30_23_54_46R.jpg,311,311,arabic,"5-歷屆試題",estimated,""
307,154,L,IMG_2026_09_30_23_54_56L.jpg,312,312,arabic,"5-歷屆試題",estimated,""
308,154,R,IMG_2026_09_30_23_54_56R.jpg,313,313,arabic,"5-歷屆試題",estimated,""
309,155,L,IMG_2026_09_30_23_55_04L.jpg,314,314,arabic,"5-歷屆試題",estimated,""
310,155,R,IMG_2026_09_30_23_55_04R.jpg,315,315,arabic,"5-素養試題",estimated,""
311,156,L,IMG_2026_09_30_23_55_10L.jpg,316,316,arabic,"5-素養試題",estimated,""
312,156,R,IMG_2026_09_30_23_55_10R.jpg,317,317,arabic,"5-素養試題",estimated,""
313,157,L,IMG_2026_09_30_23_55_17L.jpg,318,318,arabic,"6-1 孟德爾的遺傳法則",estimated,""
314,157,R,IMG_2026_09_30_23_55_17R.jpg,319,319,arabic,"6-1 孟德爾的遺傳法則",estimated,""
315,158,L,IMG_2026_09_30_23_55_25L.jpg,320,320,arabic,"6-1 孟德爾的遺傳法則",estimated,""
316,158,R,IMG_2026_09_30_23_55_25R.jpg,321,321,arabic,"6-1 孟德爾的遺傳法則",estimated,""
317,159,L,IMG_2026_09_30_23_55_32L.jpg,322,322,arabic,"6-2 基因與遺傳",estimated,""
318,159,R,IMG_2026_09_30_23_55_32R.jpg,323,323,arabic,"6-2 基因與遺傳",estimated,""
319,160,L,IMG_2026_09_30_23_55_43L.jpg,324,324,arabic,"6-2 基因與遺傳",estimated,""
320,160,R,IMG_2026_09_30_23_55_43R.jpg,325,325,arabic,"6-2 基因與遺傳",verified,""
321,161,L,IMG_2026_09_30_23_55_49L.jpg,326,326,arabic,"6-2 基因與遺傳",estimated,""
322,161,R,IMG_2026_09_30_23_55_49R.jpg,327,327,arabic,"6-2 基因與遺傳",estimated,""
323,162,L,IMG_2026_09_30_23_55_57L.jpg,328,328,arabic,"6-2 基因與遺傳",estimated,""
324,162,R,IMG_2026_09_30_23_55_57R.jpg,329,329,arabic,"6-2 基因與遺傳",estimated,""
325,163,L,IMG_2026_09_30_23_56_04L.jpg,330,330,arabic,"6-2 基因與遺傳",estimated,""
326,163,R,IMG_2026_09_30_23_56_04R.jpg,331,331,arabic,"6-3 人類的遺傳",estimated,""
327,164,L,IMG_2026_09_30_23_56_09L.jpg,332,332,arabic,"6-3 人類的遺傳",estimated,""
328,164,R,IMG_2026_09_30_23_56_09R.jpg,333,333,arabic,"6-3 人類的遺傳",estimated,""
329,165,L,IMG_2026_09_30_23_56_15L.jpg,334,334,arabic,"6-3 人類的遺傳",estimated,""
330,165,R,IMG_2026_09_30_23_56_15R.jpg,335,335,arabic,"6-3 人類的遺傳",estimated,""
331,166,L,IMG_2026_09_30_23_56_22L.jpg,336,336,arabic,"6-3 人類的遺傳",estimated,""
332,166,R,IMG_2026_09_30_23_56_22R.jpg,337,337,arabic,"6-4 探究活動：DNA 粗萃取",estimated,""
333,167,L,IMG_2026_09_30_23_56_29L.jpg,338,338,arabic,"6-歷屆試題",estimated,""
334,167,R,IMG_2026_09_30_23_56_29R.jpg,339,339,arabic,"6-歷屆試題",estimated,""
335,168,L,IMG_2026_09_30_23_56_34L.jpg,340,340,arabic,"6-歷屆試題",estimated,""
336,168,R,IMG_2026_09_30_23_56_34R.jpg,341,341,arabic,"6-歷屆試題",estimated,""
337,169,L,IMG_2026_09_30_23_56_40L.jpg,342,342,arabic,"6-歷屆試題",estimated,""
338,169,R,IMG_2026_09_30_23_56_40R.jpg,343,343,arabic,"6-歷屆試題",estimated,""
339,170,L,IMG_2026_09_30_23_56_46L.jpg,344,344,arabic,"6-歷屆試題",estimated,""
340,170,R,IMG_2026_09_30_23_56_46R.jpg,345,345,arabic,"6-歷屆試題",verified,""
341,171,L,IMG_2026_09_30_23_56_55L.jpg,346,346,arabic,"6-歷屆試題",estimated,""
342,171,R,IMG_2026_09_30_23_56_55R.jpg,347,347,arabic,"6-歷屆試題",estimated,""
343,172,L,IMG_2026_09_30_23_57_00L.jpg,348,348,arabic,"6-歷屆試題",estimated,""
344,172,R,IMG_2026_09_30_23_57_00R.jpg,349,349,arabic,"6-歷屆試題",estimated,""
345,173,L,IMG_2026_09_30_23_57_06L.jpg,350,350,arabic,"6-歷屆試題",estimated,""
346,173,R,IMG_2026_09_30_23_57_06R.jpg,351,351,arabic,"6-歷屆試題",estimated,""
347,174,L,IMG_2026_09_30_23_57_13L.jpg,352,352,arabic,"6-歷屆試題",estimated,""
348,174,R,IMG_2026_09_30_23_57_13R.jpg,353,353,arabic,"6-歷屆試題",estimated,""
349,175,L,IMG_2026_09_30_23_57_21L.jpg,354,354,arabic,"6-歷屆試題",estimated,""
350,175,R,IMG_2026_09_30_23_57_21R.jpg,355,355,arabic,"6-歷屆試題",estimated,""
351,176,L,IMG_2026_09_30_23_57_28L.jpg,356,356,arabic,"6-歷屆試題",estimated,""
352,176,R,IMG_2026_09_30_23_57_28R.jpg,357,357,arabic,"6-歷屆試題",estimated,""
353,177,L,IMG_2026_09_30_23_57_37L.jpg,358,358,arabic,"6-歷屆試題",estimated,""
354,177,R,IMG_2026_09_30_23_57_37R.jpg,359,359,arabic,"6-歷屆試題",estimated,""
355,178,L,IMG_2026_09_30_23_57_44L.jpg,360,360,arabic,"6-歷屆試題",estimated,""
356,178,R,IMG_2026_09_30_23_57_44R.jpg,361,361,arabic,"6-歷屆試題",estimated,""
357,179,L,IMG_2026_09_30_23_57_57L.jpg,362,362,arabic,"6-歷屆試題",estimated,""
358,179,R,IMG_2026_09_30_23_57_57R.jpg,363,363,arabic,"6-歷屆試題",estimated,""
359,180,L,IMG_2026_09_30_23_58_10L.jpg,364,364,arabic,"6-素養試題",estimated,""
360,180,R,IMG_2026_09_30_23_58_10R.jpg,365,365,arabic,"6-素養試題",verified,""
361,181,L,IMG_2026_09_30_23_58_17L.jpg,366,366,arabic,"6-素養試題",estimated,""
362,181,R,IMG_2026_09_30_23_58_17R.jpg,367,367,arabic,"6-素養試題",estimated,""
363,182,L,IMG_2026_09_30_23_58_27L.jpg,368,368,arabic,"7-1 生物技術與其應用",estimated,""
364,182,R,IMG_2026_09_30_23_58_27R.jpg,369,369,arabic,"7-1 生物技術與其應用",estimated,""
365,183,L,IMG_2026_09_30_23_58_33L.jpg,370,370,arabic,"7-1 生物技術與其應用",estimated,""
366,183,R,IMG_2026_09_30_23_58_33R.jpg,371,371,arabic,"7-1 生物技術與其應用",estimated,""
367,184,L,IMG_2026_09_30_23_58_43L.jpg,372,372,arabic,"7-1 生物技術與其應用",estimated,""
368,184,R,IMG_2026_09_30_23_58_43R.jpg,373,373,arabic,"7-1 生物技術與其應用",estimated,""
369,185,L,IMG_2026_09_30_23_58_52L.jpg,374,374,arabic,"7-2 認識遺傳工程",estimated,""
370,185,R,IMG_2026_09_30_23_58_52R.jpg,375,375,arabic,"7-2 認識遺傳工程",estimated,""
371,186,L,IMG_2026_09_30_23_58_59L.jpg,376,376,arabic,"7-2 認識遺傳工程",estimated,""
372,186,R,IMG_2026_09_30_23_58_59R.jpg,377,377,arabic,"7-2 認識遺傳工程",estimated,""
373,187,L,IMG_2026_09_30_23_59_07L.jpg,378,378,arabic,"7-3 生物科技的應用",estimated,""
374,187,R,IMG_2026_09_30_23_59_07R.jpg,379,379,arabic,"7-3 生物科技的應用",estimated,""
375,188,L,IMG_2026_09_30_23_59_14L.jpg,380,380,arabic,"7-3 生物科技的應用",estimated,""
376,188,R,IMG_2026_09_30_23_59_14R.jpg,381,381,arabic,"7-3 生物科技的應用",estimated,""
377,189,L,IMG_2026_09_30_23_59_20L.jpg,382,382,arabic,"7-3 生物科技的應用",estimated,""
378,189,R,IMG_2026_09_30_23_59_20R.jpg,383,383,arabic,"7-歷屆試題",estimated,""
379,190,L,IMG_2026_09_30_23_59_26L.jpg,384,384,arabic,"7-歷屆試題",estimated,""
380,190,R,IMG_2026_09_30_23_59_26R.jpg,385,385,arabic,"7-歷屆試題",verified,""
381,191,L,IMG_2026_09_30_23_59_35L.jpg,386,386,arabic,"7-歷屆試題",estimated,""
382,191,R,IMG_2026_09_30_23_59_35R.jpg,387,387,arabic,"7-歷屆試題",estimated,""
383,192,L,IMG_2026_09_30_23_59_42L.jpg,388,388,arabic,"7-歷屆試題",estimated,""
384,192,R,IMG_2026_09_30_23_59_42R.jpg,389,389,arabic,"7-歷屆試題",estimated,""
385,193,L,IMG_2026_09_30_23_59_55L.jpg,390,390,arabic,"7-歷屆試題",estimated,""
386,193,R,IMG_2026_09_30_23_59_55R.jpg,391,391,arabic,"7-歷屆試題",estimated,""
387,194,L,IMG_2026_10_01_00_00_03L.jpg,392,392,arabic,"7-歷屆試題",estimated,""
388,194,R,IMG_2026_10_01_00_00_03R.jpg,393,393,arabic,"7-歷屆試題",estimated,""
389,195,L,IMG_2026_10_01_00_00_09L.jpg,394,394,arabic,"7-歷屆試題",estimated,""
390,195,R,IMG_2026_10_01_00_00_09R.jpg,395,395,arabic,"7-歷屆試題",estimated,""
391,196,L,IMG_2026_10_01_00_00_16L.jpg,396,396,arabic,"7-歷屆試題",estimated,""
392,196,R,IMG_2026_10_01_00_00_16R.jpg,397,397,arabic,"7-素養試題",estimated,""
393,197,L,IMG_2026_10_01_00_00_21L.jpg,398,398,arabic,"7-素養試題",estimated,""
394,197,R,IMG_2026_10_01_00_00_21R.jpg,399,399,arabic,"7-素養試題",estimated,""
395,198,L,IMG_2026_10_01_00_00_28L.jpg,400,400,arabic,"7-素養試題",estimated,""
396,198,R,IMG_2026_10_01_00_00_28R.jpg,401,401,arabic,"7-素養試題",verified,""
397,199,L,IMG_2026_10_01_00_00_33L.jpg,402,402,arabic,"7-素養試題",verified,""
398,199,R,IMG_2026_10_01_00_00_33R.jpg,403,403,arabic,"7-素養試題",verified,""
399,200,L,IMG_2026_10_01_00_00_39L.jpg,404,404,arabic,"7-素養試題",verified,""
400,200,R,IMG_2026_10_01_00_00_39R.jpg,405,405,arabic,"7-素養試題",verified,""
401,201,L,IMG_2026_10_01_00_00_44L.jpg,406,406,arabic,"7-素養試題",estimated,""
402,201,R,IMG_2026_10_01_00_00_44R.jpg,407,407,arabic,"7-素養試題",estimated,""
403,202,L,IMG_2026_10_01_00_00_50L.jpg,408,408,arabic,"7-素養試題",estimated,""
404,202,R,IMG_2026_10_01_00_00_50R.jpg,409,409,arabic,"7-素養試題",estimated,""
405,203,L,IMG_2026_10_01_00_00_55L.jpg,410,410,arabic,"7-素養試題",estimated,""
406,203,R,IMG_2026_10_01_00_00_55R.jpg,411,411,arabic,"7-素養試題",estimated,""
407,204,L,IMG_2026_10_01_00_01_02L.jpg,412,412,arabic,"7-素養試題",estimated,""
408,204,R,IMG_2026_10_01_00_01_02R.jpg,413,413,arabic,"7-素養試題",estimated,""
409,205,L,IMG_2026_10_01_00_01_06L.jpg,414,414,arabic,"7-素養試題",estimated,""
410,205,R,IMG_2026_10_01_00_01_06R.jpg,415,415,arabic,"7-素養試題",verified,""
411,206,L,IMG_2026_10_01_00_01_10L.jpg,416,416,arabic,"7-素養試題",estimated,""
412,206,R,IMG_2026_10_01_00_01_10R.jpg,417,417,arabic,"7-素養試題",estimated,""
413,207,L,IMG_2026_10_01_00_01_15L.jpg,418,418,arabic,"7-素養試題",estimated,""
414,207,R,IMG_2026_10_01_00_01_15R.jpg,419,419,arabic,"7-素養試題",estimated,""
415,208,L,IMG_2026_10_01_00_01_20L.jpg,420,420,arabic,"7-素養試題",estimated,""
416,208,R,IMG_2026_10_01_00_01_20R.jpg,421,421,arabic,"7-素養試題",estimated,""
417,209,L,IMG_2026_10_01_00_01_26L.jpg,422,422,arabic,"7-素養試題",estimated,""
418,209,R,IMG_2026_10_01_00_01_26R.jpg,423,423,arabic,"7-素養試題",estimated,""
419,210,L,IMG_2026_10_01_00_01_32L.jpg,424,424,arabic,"7-素養試題",estimated,""
420,210,R,IMG_2026_10_01_00_01_32R.jpg,425,425,arabic,"7-素養試題",estimated,""
421,211,L,IMG_2026_10_01_00_01_37L.jpg,426,426,arabic,"7-素養試題",estimated,""
422,211,R,IMG_2026_10_01_00_01_37R.jpg,427,427,arabic,"7-素養試題",estimated,""
423,212,L,IMG_2026_10_01_00_01_43L.jpg,428,428,arabic,"7-素養試題",estimated,""
424,212,R,IMG_2026_10_01_00_01_43R.jpg,429,429,arabic,"7-素養試題",estimated,""
425,213,L,IMG_2026_10_01_00_01_49L.jpg,430,430,arabic,"7-素養試題",estimated,""
426,213,R,IMG_2026_10_01_00_01_49R.jpg,431,431,arabic,"7-素養試題",estimated,""
427,214,L,IMG_2026_10_01_00_01_55L.jpg,432,432,arabic,"7-素養試題",estimated,""
428,214,R,IMG_2026_10_01_00_01_55R.jpg,433,433,arabic,"7-素養試題",estimated,""
429,215,L,IMG_2026_10_01_00_02_02L.jpg,434,434,arabic,"7-素養試題",estimated,""
430,215,R,IMG_2026_10_01_00_02_02R.jpg,435,435,arabic,"7-素養試題",verified,""
431,216,L,IMG_2026_10_01_00_02_10L.jpg,436,436,arabic,"7-素養試題",estimated,""
432,216,R,IMG_2026_10_01_00_02_10R.jpg,437,437,arabic,"7-素養試題",estimated,""
433,217,L,IMG_2026_10_01_00_02_18L.jpg,438,438,arabic,"7-素養試題",estimated,""
434,217,R,IMG_2026_10_01_00_02_18R.jpg,439,439,arabic,"7-素養試題",estimated,""
435,218,L,IMG_2026_10_01_00_02_24L.jpg,440,440,arabic,"7-素養試題",estimated,""
436,218,R,IMG_2026_10_01_00_02_24R.jpg,441,441,arabic,"7-素養試題",estimated,""
437,219,L,IMG_2026_10_01_00_02_29L.jpg,442,442,arabic,"7-素養試題",estimated,""
438,219,R,IMG_2026_10_01_00_02_29R.jpg,443,443,arabic,"7-素養試題",estimated,""
439,220,L,IMG_2026_10_01_00_02_35L.jpg,444,444,arabic,"7-素養試題",estimated,""
440,220,R,IMG_2026_10_01_00_02_35R.jpg,445,445,arabic,"7-素養試題",verified,""
441,221,L,IMG_2026_10_01_00_02_40L.jpg,446,446,arabic,"7-素養試題",estimated,""
442,221,R,IMG_2026_10_01_00_02_40R.jpg,447,447,arabic,"7-素養試題",estimated,""
443,222,L,IMG_2026_10_01_00_02_46L.jpg,448,448,arabic,"7-素養試題",estimated,""
444,222,R,IMG_2026_10_01_00_02_46R.jpg,449,449,arabic,"7-素養試題",estimated,""
445,223,L,IMG_2026_10_01_00_02_52L.jpg,450,450,arabic,"7-素養試題",estimated,""
446,223,R,IMG_2026_10_01_00_02_52R.jpg,451,451,arabic,"7-素養試題",estimated,""
447,224,L,IMG_2026_10_01_00_02_58L.jpg,452,452,arabic,"7-素養試題",estimated,""
448,224,R,IMG_2026_10_01_00_02_58R.jpg,453,453,arabic,"7-素養試題",estimated,""
449,225,L,IMG_2026_10_01_00_03_09L.jpg,454,454,arabic,"7-素養試題",estimated,""
450,225,R,IMG_2026_10_01_00_03_09R.jpg,455,455,arabic,"7-素養試題",verified,""
451,226,L,IMG_2026_10_01_00_03_15L.jpg,456,456,arabic,"7-素養試題",verified,""
452,226,R,IMG_2026_10_01_00_03_15R.jpg,457,457,arabic,"7-素養試題",verified,"本文最後一張有頁碼的內頁（印刷 457）"
453,227,L,IMG_2026_10_01_00_03_20L.jpg,,,none,"",unnumbered,"版權頁／ISBN／出版公司資訊；無印刷頁碼，位於主文之後"
454,227,R,IMG_2026_10_01_00_03_20R.jpg,,附-1,appendix,"附錄 最新統測試題與解析",estimated,"附錄標題頁「附錄 最新統測試題與解析」；該頁未印頁碼，附-N = seq-453 為推得"
455,228,L,IMG_2026_10_01_00_03_25L.jpg,,附-2,appendix,"附錄 最新統測試題與解析",verified,"附錄首張內頁；頁碼「附-2」直接讀取 → 確認 附-N = seq - 453"
456,228,R,IMG_2026_10_01_00_03_25R.jpg,,附-3,appendix,"附錄 最新統測試題與解析",verified,""
457,229,L,IMG_2026_10_01_00_03_30L.jpg,,附-4,appendix,"附錄 最新統測試題與解析",verified,""
458,229,R,IMG_2026_10_01_00_03_30R.jpg,,附-5,appendix,"附錄 最新統測試題與解析",verified,""
459,230,L,IMG_2026_10_01_00_03_37L.jpg,,附-6,appendix,"附錄 最新統測試題與解析",verified,""
460,230,R,IMG_2026_10_01_00_03_37R.jpg,,附-7,appendix,"附錄 最新統測試題與解析",verified,""
461,231,L,IMG_2026_10_01_00_03_42L.jpg,,附-8,appendix,"附錄 最新統測試題與解析",estimated,""
462,231,R,IMG_2026_10_01_00_03_42R.jpg,,附-9,appendix,"附錄 最新統測試題與解析",estimated,""
463,232,L,IMG_2026_10_01_00_03_48L.jpg,,附-10,appendix,"附錄 最新統測試題與解析",estimated,""
464,232,R,IMG_2026_10_01_00_03_48R.jpg,,附-11,appendix,"附錄 最新統測試題與解析",estimated,""
465,233,L,IMG_2026_10_01_00_03_54L.jpg,,附-12,appendix,"附錄 最新統測試題與解析",estimated,""
466,233,R,IMG_2026_10_01_00_03_54R.jpg,,附-13,appendix,"附錄 最新統測試題與解析",estimated,""
467,234,L,IMG_2026_10_01_00_04_01L.jpg,,附-14,appendix,"附錄 最新統測試題與解析",estimated,""
468,234,R,IMG_2026_10_01_00_04_01R.jpg,,附-15,appendix,"附錄 最新統測試題與解析",estimated,""
469,235,L,IMG_2026_10_01_00_04_08L.jpg,,附-16,appendix,"附錄 最新統測試題與解析",estimated,""
470,235,R,IMG_2026_10_01_00_04_08R.jpg,,附-17,appendix,"附錄 最新統測試題與解析",verified,""
471,236,L,IMG_2026_10_01_00_04_17L.jpg,,附-18,appendix,"附錄 最新統測試題與解析",estimated,""
472,236,R,IMG_2026_10_01_00_04_17R.jpg,,附-19,appendix,"附錄 最新統測試題與解析",estimated,""
473,237,L,IMG_2026_10_01_00_04_23L.jpg,,附-20,appendix,"附錄 最新統測試題與解析",estimated,""
474,237,R,IMG_2026_10_01_00_04_23R.jpg,,附-21,appendix,"附錄 最新統測試題與解析",estimated,""
475,238,L,IMG_2026_10_01_00_04_31L.jpg,,附-22,appendix,"附錄 最新統測試題與解析",estimated,""
476,238,R,IMG_2026_10_01_00_04_31R.jpg,,附-23,appendix,"附錄 最新統測試題與解析",estimated,""
477,239,L,IMG_2026_10_01_00_04_36L.jpg,,附-24,appendix,"附錄 最新統測試題與解析",estimated,""
478,239,R,IMG_2026_10_01_00_04_36R.jpg,,附-25,appendix,"附錄 最新統測試題與解析",estimated,""
479,240,L,IMG_2026_10_01_00_04_43L.jpg,,附-26,appendix,"附錄 最新統測試題與解析",estimated,""
480,240,R,IMG_2026_10_01_00_04_43R.jpg,,附-27,appendix,"附錄 最新統測試題與解析",verified,""
481,241,L,IMG_2026_10_01_00_04_49L.jpg,,附-28,appendix,"附錄 最新統測試題與解析",verified,""
482,241,R,IMG_2026_10_01_00_04_49R.jpg,,附-29,appendix,"附錄 最新統測試題與解析",verified,""
483,242,L,IMG_2026_10_01_00_04_58L.jpg,,附-30,appendix,"附錄 最新統測試題與解析",verified,""
484,242,R,IMG_2026_10_01_00_04_58R.jpg,,附-31,appendix,"附錄 最新統測試題與解析",verified,""
485,243,L,IMG_2026_10_01_00_05_09L.jpg,,附-32,appendix,"附錄 最新統測試題與解析",verified,"附錄最後一張有頁碼的內頁（附-32）"
486,243,R,IMG_2026_10_01_00_05_09R.jpg,,,none,"",unnumbered,"空白、無任何頁碼；依序應為 附-33，但頁面未印，不可推定"
